real_time,simulated_time,pressure_bar,pressure_state,motion,distance_cm,room_state
2025-12-04T11:30:14.709114,07:00,0,empty,IN,999,moving_in_room
2025-12-04T11:30:15.209330,07:01,0,empty,IN,999,moving_in_room
2025-12-04T11:30:15.710529,07:02,0,empty,IN,999,moving_in_room
2025-12-04T11:30:16.210715,07:03,0,empty,IN,999,moving_in_room
2025-12-04T11:30:16.710910,07:04,0,empty,IN,999,moving_in_room
2025-12-04T11:30:17.211092,07:06,0,empty,IN,999,moving_in_room
2025-12-04T11:30:17.711284,07:07,0,empty,IN,999,moving_in_room
2025-12-04T11:30:18.211581,07:08,0,empty,IN,999,moving_in_room
2025-12-04T11:30:18.711980,07:09,0,empty,IN,999,moving_in_room
2025-12-04T11:30:19.212196,07:10,0,empty,IN,999,moving_in_room
2025-12-04T11:30:19.712461,07:12,0,empty,IN,999,moving_in_room
2025-12-04T11:30:20.212679,07:13,0,empty,IN,999,moving_in_room
2025-12-04T11:30:20.712969,07:14,0,empty,IN,999,moving_in_room
2025-12-04T11:30:21.213464,07:15,0,empty,IN,999,moving_in_room
2025-12-04T11:30:21.713691,07:16,0,empty,IN,999,moving_in_room
2025-12-04T11:30:22.213877,07:18,0,empty,IN,999,moving_in_room
2025-12-04T11:30:22.714043,07:19,0,empty,IN,999,moving_in_room
2025-12-04T11:30:23.214199,07:20,0,empty,IN,999,moving_in_room
2025-12-04T11:30:23.714381,07:21,0,empty,IN,999,moving_in_room
2025-12-04T11:30:24.214612,07:22,0,empty,IN,999,moving_in_room
2025-12-04T11:30:24.714773,07:24,0,empty,IN,999,moving_in_room
2025-12-04T11:30:25.214929,07:25,0,empty,IN,999,moving_in_room
2025-12-04T11:30:25.715202,07:26,0,empty,IN,999,moving_in_room
2025-12-04T11:30:26.215427,07:27,0,empty,IN,999,moving_in_room
2025-12-04T11:30:26.715712,07:28,0,empty,IN,999,moving_in_room
2025-12-04T11:30:27.216105,07:30,0,empty,IN,999,moving_in_room
2025-12-04T11:30:27.716361,07:31,0,empty,IN,999,moving_in_room
2025-12-04T11:30:28.216564,07:32,0,empty,IN,999,moving_in_room
2025-12-04T11:30:28.716762,07:33,0,empty,IN,999,moving_in_room
2025-12-04T11:30:29.216947,07:34,0,empty,IN,999,moving_in_room
2025-12-04T11:30:29.717154,07:36,0,empty,IN,999,moving_in_room
2025-12-04T11:30:30.217447,07:37,0,empty,IN,999,moving_in_room
2025-12-04T11:30:30.717752,07:38,0,empty,IN,999,moving_in_room
2025-12-04T11:30:31.217986,07:39,0,empty,IN,999,moving_in_room
2025-12-04T11:30:31.718182,07:40,0,empty,IN,999,moving_in_room
2025-12-04T11:30:32.218371,07:42,0,empty,IN,999,moving_in_room
2025-12-04T11:30:32.718567,07:43,0,empty,IN,999,moving_in_room
2025-12-04T11:30:33.218872,07:44,0,empty,IN,999,moving_in_room
2025-12-04T11:30:33.719064,07:45,0,empty,IN,999,moving_in_room
2025-12-04T11:30:34.219247,07:46,0,empty,IN,999,moving_in_room
2025-12-04T11:30:34.719441,07:48,0,empty,IN,999,moving_in_room
2025-12-04T11:30:35.219625,07:49,0,empty,IN,999,moving_in_room
2025-12-04T11:30:35.719831,07:50,0,empty,IN,999,moving_in_room
2025-12-04T11:30:36.220239,07:51,0,empty,IN,999,moving_in_room
2025-12-04T11:30:36.720430,07:52,0,empty,IN,999,moving_in_room
2025-12-04T11:30:37.220615,07:54,0,empty,IN,999,moving_in_room
2025-12-04T11:30:37.720860,07:55,0,empty,IN,999,moving_in_room
2025-12-04T11:30:38.221039,07:56,0,empty,IN,999,moving_in_room
2025-12-04T11:30:38.721206,07:57,0,empty,IN,999,moving_in_room
2025-12-04T11:30:39.221438,07:58,0,empty,IN,999,moving_in_room
2025-12-04T11:30:39.721603,08:00,0,empty,IN,999,moving_in_room
2025-12-04T11:30:40.221760,08:01,0,empty,IN,999,moving_in_room
2025-12-04T11:30:40.721937,08:02,0,empty,IN,999,moving_in_room
2025-12-04T11:30:41.222098,08:03,0,empty,IN,999,moving_in_room
2025-12-04T11:30:41.722266,08:04,0,empty,IN,999,moving_in_room
2025-12-04T11:30:42.222588,08:06,0,empty,OUT,999,room_empty
2025-12-04T11:30:42.722754,08:07,0,empty,OUT,999,room_empty
2025-12-04T11:30:43.222941,08:08,0,empty,OUT,999,room_empty
2025-12-04T11:30:43.723138,08:09,0,empty,OUT,999,room_empty
2025-12-04T11:30:44.223330,08:10,0,empty,OUT,999,room_empty
2025-12-04T11:30:44.723525,08:12,0,empty,OUT,999,room_empty
2025-12-04T11:30:45.223871,08:13,0,empty,OUT,999,room_empty
2025-12-04T11:30:45.724075,08:14,0,empty,OUT,999,room_empty
2025-12-04T11:30:46.224276,08:15,0,empty,OUT,999,room_empty
2025-12-04T11:30:46.724489,08:16,0,empty,OUT,999,room_empty
2025-12-04T11:30:47.224693,08:18,0,empty,OUT,999,room_empty
2025-12-04T11:30:47.724891,08:19,0,empty,OUT,999,room_empty
2025-12-04T11:30:48.225236,08:20,0,empty,OUT,999,room_empty
2025-12-04T11:30:48.725429,08:21,0,empty,OUT,999,room_empty
2025-12-04T11:30:49.225612,08:22,0,empty,OUT,999,room_empty
2025-12-04T11:30:49.725802,08:24,0,empty,OUT,999,room_empty
2025-12-04T11:30:50.225993,08:25,0,empty,IN,999,moving_in_room
2025-12-04T11:30:50.727744,08:26,0,empty,IN,999,moving_in_room
2025-12-04T11:30:51.228152,08:27,0,empty,IN,999,moving_in_room
2025-12-04T11:30:51.728321,08:28,0,empty,IN,999,moving_in_room
2025-12-04T11:30:52.228496,08:30,0,empty,IN,999,moving_in_room
2025-12-04T11:30:52.728691,08:31,0,empty,IN,999,moving_in_room
2025-12-04T11:30:53.228882,08:32,0,empty,IN,999,moving_in_room
2025-12-04T11:30:53.729097,08:33,0,empty,IN,999,moving_in_room
2025-12-04T11:30:54.229404,08:34,0,empty,IN,999,moving_in_room
2025-12-04T11:30:54.729603,08:36,0,empty,IN,999,moving_in_room
2025-12-04T11:30:55.229796,08:37,0,empty,IN,999,moving_in_room
2025-12-04T11:30:55.730003,08:38,0,empty,IN,999,moving_in_room
2025-12-04T11:30:56.230206,08:39,0,empty,IN,999,moving_in_room
2025-12-04T11:30:56.730405,08:40,0,empty,IN,999,moving_in_room
2025-12-04T11:30:57.230710,08:42,0,empty,OUT,999,room_empty
2025-12-04T11:30:57.730914,08:43,0,empty,OUT,999,room_empty
2025-12-04T11:30:58.231088,08:44,0,empty,OUT,999,room_empty
2025-12-04T11:30:58.731288,08:45,0,empty,OUT,999,room_empty
2025-12-04T11:30:59.231466,08:46,0,empty,OUT,999,room_empty
2025-12-04T11:30:59.731667,08:48,0,empty,OUT,999,room_empty
2025-12-04T11:31:00.231956,08:49,0,empty,OUT,999,room_empty
2025-12-04T11:31:00.732179,08:50,0,empty,OUT,999,room_empty
2025-12-04T11:31:01.232366,08:51,0,empty,OUT,999,room_empty
2025-12-04T11:31:01.732562,08:52,0,empty,OUT,999,room_empty
2025-12-04T11:31:02.232749,08:54,0,empty,OUT,999,room_empty
2025-12-04T11:31:02.732978,08:55,0,empty,OUT,999,room_empty
2025-12-04T11:31:03.233286,08:56,0,empty,OUT,999,room_empty
2025-12-04T11:31:03.733481,08:57,0,empty,OUT,999,room_empty
2025-12-04T11:31:04.233670,08:58,0,empty,IN,999,moving_in_room
2025-12-04T11:31:04.733869,09:00,0,empty,IN,999,moving_in_room
2025-12-04T11:31:05.234042,09:01,0,empty,IN,999,moving_in_room
2025-12-04T11:31:05.734246,09:02,0,empty,IN,999,moving_in_room
2025-12-04T11:31:06.234551,09:03,0,empty,IN,999,moving_in_room
2025-12-04T11:31:06.734752,09:04,0,empty,IN,999,moving_in_room
2025-12-04T11:31:07.234930,09:06,0,empty,IN,999,moving_in_room
2025-12-04T11:31:07.735098,09:07,0,empty,IN,999,moving_in_room
2025-12-04T11:31:08.235246,09:08,0,empty,IN,999,moving_in_room
2025-12-04T11:31:08.735408,09:09,0,empty,IN,999,moving_in_room
2025-12-04T11:31:09.235642,09:10,0,empty,OUT,999,room_empty
2025-12-04T11:31:09.735809,09:12,0,empty,OUT,999,room_empty
2025-12-04T11:31:10.235962,09:13,0,empty,OUT,999,room_empty
2025-12-04T11:31:10.736138,09:14,0,empty,OUT,999,room_empty
2025-12-04T11:31:11.236294,09:15,0,empty,OUT,999,room_empty
2025-12-04T11:31:11.736473,09:16,0,empty,OUT,999,room_empty
2025-12-04T11:31:12.236748,09:18,0,empty,OUT,999,room_empty
2025-12-04T11:31:12.736948,09:19,0,empty,OUT,999,room_empty
2025-12-04T11:31:13.237143,09:20,0,empty,OUT,999,room_empty
2025-12-04T11:31:13.737341,09:21,0,empty,OUT,999,room_empty
2025-12-04T11:31:14.237538,09:22,0,empty,OUT,999,room_empty
2025-12-04T11:31:14.737739,09:24,0,empty,OUT,999,room_empty
2025-12-04T11:31:15.238036,09:25,0,empty,OUT,999,room_empty
2025-12-04T11:31:15.738274,09:26,0,empty,OUT,999,room_empty
2025-12-04T11:31:16.238483,09:27,0,empty,OUT,999,room_empty
2025-12-04T11:31:16.738667,09:28,0,empty,OUT,999,room_empty
2025-12-04T11:31:17.238828,09:30,0,empty,OUT,999,room_empty
2025-12-04T11:31:17.738996,09:31,0,empty,OUT,999,room_empty
2025-12-04T11:31:18.239242,09:32,0,empty,OUT,999,room_empty
2025-12-04T11:31:18.739380,09:33,0,empty,OUT,999,room_empty
2025-12-04T11:31:19.239528,09:34,0,empty,OUT,999,room_empty
2025-12-04T11:31:19.739691,09:36,0,empty,OUT,999,room_empty
2025-12-04T11:31:20.239854,09:37,0,empty,OUT,999,room_empty
2025-12-04T11:31:20.740026,09:38,0,empty,OUT,999,room_empty
2025-12-04T11:31:21.240282,09:39,0,empty,OUT,999,room_empty
2025-12-04T11:31:21.740477,09:40,0,empty,OUT,999,room_empty
2025-12-04T11:31:22.240662,09:42,0,empty,OUT,999,room_empty
2025-12-04T11:31:22.740860,09:43,0,empty,OUT,999,room_empty
2025-12-04T11:31:23.241071,09:44,0,empty,OUT,999,room_empty
2025-12-04T11:31:23.741271,09:45,0,empty,OUT,999,room_empty
2025-12-04T11:31:24.241672,09:46,0,empty,OUT,999,room_empty
2025-12-04T11:31:24.741848,09:48,0,empty,OUT,999,room_empty
2025-12-04T11:31:25.242027,09:49,0,empty,OUT,999,room_empty
2025-12-04T11:31:25.742230,09:50,0,empty,OUT,999,room_empty
2025-12-04T11:31:26.242438,09:51,0,empty,OUT,999,room_empty
2025-12-04T11:31:26.742640,09:52,0,empty,OUT,999,room_empty
2025-12-04T11:31:27.243022,09:54,0,empty,OUT,999,room_empty
2025-12-04T11:31:27.743193,09:55,0,empty,OUT,999,room_empty
2025-12-04T11:31:28.243346,09:56,0,empty,OUT,999,room_empty
2025-12-04T11:31:28.743513,09:57,0,empty,OUT,999,room_empty
2025-12-04T11:31:29.243678,09:58,0,empty,OUT,999,room_empty
2025-12-04T11:31:29.743848,10:00,0,empty,OUT,999,room_empty
2025-12-04T11:31:30.244097,10:01,0,empty,OUT,999,room_empty
2025-12-04T11:31:30.744272,10:02,0,empty,OUT,999,room_empty
2025-12-04T11:31:31.244438,10:03,0,empty,OUT,999,room_empty
2025-12-04T11:31:31.744613,10:04,0,empty,IN,999,moving_in_room
2025-12-04T11:31:32.244806,10:06,0,empty,IN,999,moving_in_room
2025-12-04T11:31:32.745029,10:07,0,empty,IN,999,moving_in_room
2025-12-04T11:31:33.245339,10:08,0,empty,IN,999,moving_in_room
2025-12-04T11:31:33.745540,10:09,0,empty,IN,999,moving_in_room
2025-12-04T11:31:34.245741,10:10,0,empty,IN,999,moving_in_room
2025-12-04T11:31:34.745941,10:12,0,empty,IN,999,moving_in_room
2025-12-04T11:31:35.246141,10:13,0,empty,IN,999,moving_in_room
2025-12-04T11:31:35.746341,10:14,0,empty,IN,999,moving_in_room
2025-12-04T11:31:36.246650,10:15,0,empty,IN,999,moving_in_room
2025-12-04T11:31:36.746863,10:16,0,empty,IN,999,moving_in_room
2025-12-04T11:31:37.247071,10:18,0,empty,IN,999,moving_in_room
2025-12-04T11:31:37.747277,10:19,0,empty,IN,999,moving_in_room
2025-12-04T11:31:38.247475,10:20,0,empty,IN,999,moving_in_room
2025-12-04T11:31:38.747677,10:21,0,empty,IN,999,moving_in_room
2025-12-04T11:31:39.248077,10:22,0,empty,IN,999,moving_in_room
2025-12-04T11:31:39.748257,10:24,0,empty,IN,999,moving_in_room
2025-12-04T11:31:40.248445,10:25,0,empty,IN,999,moving_in_room
2025-12-04T11:31:40.748651,10:26,0,empty,IN,999,moving_in_room
2025-12-04T11:31:41.248863,10:27,0,empty,IN,999,moving_in_room
2025-12-04T11:31:41.749159,10:28,0,empty,IN,999,moving_in_room
2025-12-04T11:31:42.249519,10:30,0,empty,IN,999,moving_in_room
2025-12-04T11:31:42.749722,10:31,0,empty,IN,999,moving_in_room
2025-12-04T11:31:43.249921,10:32,0,empty,IN,999,moving_in_room
2025-12-04T11:31:43.750124,10:33,0,empty,IN,999,moving_in_room
2025-12-04T11:31:44.250319,10:34,0,empty,IN,999,moving_in_room
2025-12-04T11:31:44.750521,10:36,0,empty,IN,999,moving_in_room
2025-12-04T11:31:45.250924,10:37,0,empty,IN,999,moving_in_room
2025-12-04T11:31:45.751129,10:38,0,empty,IN,999,moving_in_room
2025-12-04T11:31:46.251328,10:39,0,empty,IN,999,moving_in_room
2025-12-04T11:31:46.751531,10:40,0,empty,IN,999,moving_in_room
2025-12-04T11:31:47.251732,10:42,0,empty,IN,999,moving_in_room
2025-12-04T11:31:47.751934,10:43,0,empty,IN,999,moving_in_room
2025-12-04T11:31:48.252241,10:44,0,empty,IN,999,moving_in_room
2025-12-04T11:31:48.752443,10:45,0,empty,IN,999,moving_in_room
2025-12-04T11:31:49.252639,10:46,0,empty,IN,999,moving_in_room
2025-12-04T11:31:49.752838,10:48,0,empty,IN,999,moving_in_room
2025-12-04T11:31:50.253047,10:49,0,empty,IN,999,moving_in_room
2025-12-04T11:31:50.753243,10:50,0,empty,IN,999,moving_in_room
2025-12-04T11:31:51.253912,10:51,0,empty,IN,999,moving_in_room
2025-12-04T11:31:51.754124,10:52,0,empty,IN,999,moving_in_room
2025-12-04T11:31:52.254341,10:54,0,empty,IN,999,moving_in_room
2025-12-04T11:31:52.754543,10:55,0,empty,IN,999,moving_in_room
2025-12-04T11:31:53.254745,10:56,0,empty,IN,999,moving_in_room
2025-12-04T11:31:53.754946,10:57,0,empty,IN,999,moving_in_room
2025-12-04T11:31:54.255255,10:58,0,empty,IN,999,moving_in_room
2025-12-04T11:31:54.755460,11:00,0,empty,IN,999,moving_in_room
2025-12-04T11:31:55.255660,11:01,0,empty,IN,999,moving_in_room
2025-12-04T11:31:55.755863,11:02,0,empty,IN,999,moving_in_room
2025-12-04T11:31:56.256066,11:03,0,empty,IN,999,moving_in_room
2025-12-04T11:31:56.756271,11:04,0,empty,IN,999,moving_in_room
2025-12-04T11:31:57.257681,11:06,0,empty,IN,999,moving_in_room
2025-12-04T11:31:57.757894,11:07,0,empty,IN,999,moving_in_room
2025-12-04T11:31:58.258095,11:08,0,empty,IN,999,moving_in_room
2025-12-04T11:31:58.758295,11:09,0,empty,IN,999,moving_in_room
2025-12-04T11:31:59.258492,11:10,0,empty,IN,999,moving_in_room
2025-12-04T11:31:59.758694,11:12,0,empty,IN,999,moving_in_room
2025-12-04T11:32:00.259263,11:13,0,empty,IN,999,moving_in_room
2025-12-04T11:32:00.759467,11:14,0,empty,IN,999,moving_in_room
2025-12-04T11:32:01.259669,11:15,0,empty,IN,999,moving_in_room
2025-12-04T11:32:01.759873,11:16,0,empty,IN,999,moving_in_room
2025-12-04T11:32:02.260077,11:18,0,empty,IN,999,moving_in_room
2025-12-04T11:32:02.760281,11:19,0,empty,IN,999,moving_in_room
2025-12-04T11:32:03.260599,11:20,0,empty,IN,999,moving_in_room
2025-12-04T11:32:03.760809,11:21,0,empty,IN,999,moving_in_room
2025-12-04T11:32:04.261027,11:22,0,empty,IN,999,moving_in_room
2025-12-04T11:32:04.761231,11:24,0,empty,IN,999,moving_in_room
2025-12-04T11:32:05.261430,11:25,0,empty,IN,999,moving_in_room
2025-12-04T11:32:05.761631,11:26,0,empty,IN,999,moving_in_room
2025-12-04T11:32:06.262043,11:27,0,empty,IN,999,moving_in_room
2025-12-04T11:32:06.762250,11:28,0,empty,IN,999,moving_in_room
2025-12-04T11:32:07.262454,11:30,0,empty,IN,999,moving_in_room
2025-12-04T11:32:07.762657,11:31,0,empty,IN,999,moving_in_room
2025-12-04T11:32:08.262855,11:32,0,empty,IN,999,moving_in_room
2025-12-04T11:32:08.763056,11:33,0,empty,IN,999,moving_in_room
2025-12-04T11:32:09.263404,11:34,0,empty,IN,999,moving_in_room
2025-12-04T11:32:09.763581,11:36,0,empty,IN,999,moving_in_room
2025-12-04T11:32:10.263752,11:37,0,empty,IN,999,moving_in_room
2025-12-04T11:32:10.763928,11:38,0,empty,IN,999,moving_in_room
2025-12-04T11:32:11.264102,11:39,0,empty,IN,999,moving_in_room
2025-12-04T11:32:11.764275,11:40,0,empty,IN,999,moving_in_room
2025-12-04T11:32:12.264526,11:42,0,empty,IN,999,moving_in_room
2025-12-04T11:32:12.764702,11:43,0,empty,IN,999,moving_in_room
2025-12-04T11:32:13.264872,11:44,0,empty,IN,999,moving_in_room
2025-12-04T11:32:13.765047,11:45,0,empty,IN,999,moving_in_room
2025-12-04T11:32:14.265240,11:46,0,empty,IN,999,moving_in_room
2025-12-04T11:32:14.765475,11:48,0,empty,IN,999,moving_in_room
2025-12-04T11:32:15.265794,11:49,0,empty,IN,999,moving_in_room
2025-12-04T11:32:15.765993,11:50,0,empty,IN,999,moving_in_room
2025-12-04T11:32:16.266188,11:51,0,empty,IN,999,moving_in_room
2025-12-04T11:32:16.766389,11:52,0,empty,IN,999,moving_in_room
2025-12-04T11:32:17.266595,11:54,0,empty,IN,999,moving_in_room
2025-12-04T11:32:17.766798,11:55,0,empty,IN,999,moving_in_room
2025-12-04T11:32:18.267208,11:56,0,empty,IN,999,moving_in_room
2025-12-04T11:32:18.767412,11:57,0,empty,IN,999,moving_in_room
2025-12-04T11:32:19.267612,11:58,0,empty,IN,999,moving_in_room
2025-12-04T11:32:19.767805,12:00,0,empty,IN,999,moving_in_room
2025-12-04T11:32:20.267970,12:01,0,empty,OUT,999,room_empty
2025-12-04T11:32:20.768173,12:02,0,empty,OUT,999,room_empty
2025-12-04T11:32:21.268576,12:03,0,empty,OUT,999,room_empty
2025-12-04T11:32:21.768783,12:04,0,empty,OUT,999,room_empty
2025-12-04T11:32:22.268971,12:06,0,empty,OUT,999,room_empty
2025-12-04T11:32:22.769182,12:07,0,empty,OUT,999,room_empty
2025-12-04T11:32:23.269367,12:08,0,empty,OUT,999,room_empty
2025-12-04T11:32:23.769550,12:09,0,empty,OUT,999,room_empty
2025-12-04T11:32:24.269815,12:10,0,empty,OUT,999,room_empty
2025-12-04T11:32:24.769981,12:12,0,empty,OUT,999,room_empty
2025-12-04T11:32:25.270132,12:13,0,empty,OUT,999,room_empty
2025-12-04T11:32:25.770306,12:14,0,empty,OUT,999,room_empty
2025-12-04T11:32:26.270465,12:15,0,empty,OUT,999,room_empty
2025-12-04T11:32:26.770637,12:16,0,empty,OUT,999,room_empty
2025-12-04T11:32:27.270940,12:18,0,empty,OUT,999,room_empty
2025-12-04T11:32:27.771098,12:19,0,empty,OUT,999,room_empty
2025-12-04T11:32:28.271245,12:20,0,empty,OUT,999,room_empty
2025-12-04T11:32:28.771404,12:21,0,empty,OUT,999,room_empty
2025-12-04T11:32:29.271570,12:22,0,empty,OUT,999,room_empty
2025-12-04T11:32:29.771747,12:24,0,empty,IN,999,moving_in_room
2025-12-04T11:32:30.272039,12:25,0,empty,IN,999,moving_in_room
2025-12-04T11:32:30.772244,12:26,0,empty,IN,999,moving_in_room
2025-12-04T11:32:31.272446,12:27,0,empty,IN,999,moving_in_room
2025-12-04T11:32:31.772650,12:28,0,empty,IN,999,moving_in_room
2025-12-04T11:32:32.272848,12:30,0,empty,IN,999,moving_in_room
2025-12-04T11:32:32.773047,12:31,0,empty,IN,999,moving_in_room
2025-12-04T11:32:33.273331,12:32,0,empty,IN,999,moving_in_room
2025-12-04T11:32:33.773503,12:33,0,empty,IN,999,moving_in_room
2025-12-04T11:32:34.273670,12:34,0,empty,IN,999,moving_in_room
2025-12-04T11:32:34.773828,12:36,0,empty,IN,999,moving_in_room
2025-12-04T11:32:35.273994,12:37,0,empty,IN,999,moving_in_room
2025-12-04T11:32:35.774170,12:38,0,empty,IN,999,moving_in_room
2025-12-04T11:32:36.274424,12:39,0,empty,IN,999,moving_in_room
2025-12-04T11:32:36.774598,12:40,0,empty,IN,999,moving_in_room
2025-12-04T11:32:37.274766,12:42,0,empty,IN,999,moving_in_room
2025-12-04T11:32:37.774923,12:43,0,empty,IN,999,moving_in_room
2025-12-04T11:32:38.275114,12:44,0,empty,IN,999,moving_in_room
2025-12-04T11:32:38.775304,12:45,0,empty,IN,999,moving_in_room
2025-12-04T11:32:39.275939,12:46,0,empty,IN,999,moving_in_room
2025-12-04T11:32:39.776144,12:48,0,empty,IN,999,moving_in_room
2025-12-04T11:32:40.276325,12:49,0,empty,OUT,999,room_empty
2025-12-04T11:32:40.776522,12:50,0,empty,OUT,999,room_empty
2025-12-04T11:32:41.276718,12:51,0,empty,OUT,999,room_empty
2025-12-04T11:32:41.776923,12:52,0,empty,OUT,999,room_empty
2025-12-04T11:32:42.277253,12:54,0,empty,OUT,999,room_empty
2025-12-04T11:32:42.777456,12:55,0,empty,OUT,999,room_empty
2025-12-04T11:32:43.277643,12:56,0,empty,OUT,999,room_empty
2025-12-04T11:32:43.777845,12:57,0,empty,OUT,999,room_empty
2025-12-04T11:32:44.278043,12:58,0,empty,OUT,999,room_empty
2025-12-04T11:32:44.778251,13:00,0,empty,OUT,999,room_empty
2025-12-04T11:32:45.278904,13:01,0,empty,OUT,999,room_empty
2025-12-04T11:32:45.779110,13:02,0,empty,OUT,999,room_empty
2025-12-04T11:32:46.279303,13:03,0,empty,OUT,999,room_empty
2025-12-04T11:32:46.779507,13:04,0,empty,OUT,999,room_empty
2025-12-04T11:32:47.279700,13:06,0,empty,IN,999,moving_in_room
2025-12-04T11:32:47.779906,13:07,0,empty,IN,999,moving_in_room
2025-12-04T11:32:48.280446,13:08,0,empty,IN,999,moving_in_room
2025-12-04T11:32:48.780660,13:09,0,empty,IN,999,moving_in_room
2025-12-04T11:32:49.280857,13:10,0,empty,IN,999,moving_in_room
2025-12-04T11:32:49.781078,13:12,0,empty,IN,999,moving_in_room
2025-12-04T11:32:50.281269,13:13,0,empty,IN,999,moving_in_room
2025-12-04T11:32:50.781470,13:14,0,empty,IN,999,moving_in_room
2025-12-04T11:32:51.282392,13:15,0,empty,IN,999,moving_in_room
2025-12-04T11:32:51.782597,13:16,0,empty,OUT,999,room_empty
2025-12-04T11:32:52.282809,13:18,0,empty,OUT,999,room_empty
2025-12-04T11:32:52.783020,13:19,0,empty,OUT,999,room_empty
2025-12-04T11:32:53.283226,13:20,0,empty,OUT,999,room_empty
2025-12-04T11:32:53.783434,13:21,0,empty,OUT,999,room_empty
2025-12-04T11:32:54.283799,13:22,0,empty,OUT,999,room_empty
2025-12-04T11:32:54.784009,13:24,0,empty,OUT,999,room_empty
2025-12-04T11:32:55.284212,13:25,0,empty,OUT,999,room_empty
2025-12-04T11:32:55.784415,13:26,0,empty,OUT,999,room_empty
2025-12-04T11:32:56.284621,13:27,0,empty,OUT,999,room_empty
2025-12-04T11:32:56.784833,13:28,0,empty,OUT,999,room_empty
2025-12-04T11:32:57.285161,13:30,0,empty,OUT,999,room_empty
2025-12-04T11:32:57.785369,13:31,0,empty,OUT,999,room_empty
2025-12-04T11:32:58.285588,13:32,0,empty,OUT,999,room_empty
2025-12-04T11:32:58.785841,13:33,0,empty,OUT,999,room_empty
2025-12-04T11:32:59.286045,13:34,0,empty,OUT,999,room_empty
2025-12-04T11:32:59.786247,13:36,0,empty,OUT,999,room_empty
2025-12-04T11:33:00.286559,13:37,0,empty,OUT,999,room_empty
2025-12-04T11:33:00.786758,13:38,0,empty,OUT,999,room_empty
2025-12-04T11:33:01.286966,13:39,0,empty,OUT,999,room_empty
2025-12-04T11:33:01.787171,13:41,0,empty,OUT,999,room_empty
2025-12-04T11:33:02.287377,13:42,0,empty,OUT,999,room_empty
2025-12-04T11:33:02.787584,13:43,0,empty,OUT,999,room_empty
2025-12-04T11:33:03.287904,13:44,0,empty,OUT,999,room_empty
2025-12-04T11:33:03.788113,13:45,0,empty,OUT,999,room_empty
2025-12-04T11:33:04.288313,13:46,0,empty,OUT,999,room_empty
2025-12-04T11:33:04.788495,13:48,0,empty,IN,999,moving_in_room
2025-12-04T11:33:05.288694,13:49,0,empty,IN,999,moving_in_room
2025-12-04T11:33:05.788874,13:50,0,empty,IN,999,moving_in_room
2025-12-04T11:33:06.289206,13:51,0,empty,IN,999,moving_in_room
2025-12-04T11:33:06.789409,13:53,0,empty,IN,999,moving_in_room
2025-12-04T11:33:07.289611,13:54,0,empty,IN,999,moving_in_room
2025-12-04T11:33:07.789795,13:55,0,empty,IN,999,moving_in_room
2025-12-04T11:33:08.289994,13:56,0,empty,IN,999,moving_in_room
2025-12-04T11:33:08.790176,13:57,0,empty,IN,999,moving_in_room
2025-12-04T11:33:09.290481,13:59,0,empty,IN,999,moving_in_room
2025-12-04T11:33:09.790688,14:00,0,empty,IN,999,moving_in_room
2025-12-04T11:33:10.290895,14:01,0,empty,IN,999,moving_in_room
2025-12-04T11:33:10.791091,14:02,0,empty,IN,999,moving_in_room
2025-12-04T11:33:11.291300,14:03,0,empty,IN,999,moving_in_room
2025-12-04T11:33:11.791494,14:05,0,empty,IN,999,moving_in_room
2025-12-04T11:33:12.291902,14:06,0,empty,IN,999,moving_in_room
2025-12-04T11:33:12.792110,14:07,0,empty,IN,999,moving_in_room
2025-12-04T11:33:13.292310,14:08,0,empty,IN,999,moving_in_room
2025-12-04T11:33:13.792500,14:09,0,empty,IN,999,moving_in_room
2025-12-04T11:33:14.292704,14:11,0,empty,IN,999,moving_in_room
2025-12-04T11:33:14.792898,14:12,0,empty,IN,999,moving_in_room
2025-12-04T11:33:15.293248,14:13,0,empty,IN,999,moving_in_room
2025-12-04T11:33:15.793443,14:14,0,empty,IN,999,moving_in_room
2025-12-04T11:33:16.293638,14:15,0,empty,IN,999,moving_in_room
2025-12-04T11:33:16.793831,14:17,0,empty,IN,999,moving_in_room
2025-12-04T11:33:17.294039,14:18,0,empty,IN,999,moving_in_room
2025-12-04T11:33:17.794218,14:19,0,empty,OUT,999,room_empty
2025-12-04T11:33:18.294616,14:20,0,empty,OUT,999,room_empty
2025-12-04T11:33:18.794828,14:21,0,empty,OUT,999,room_empty
2025-12-04T11:33:19.295032,14:23,0,empty,OUT,999,room_empty
2025-12-04T11:33:19.795221,14:24,0,empty,OUT,999,room_empty
2025-12-04T11:33:20.295422,14:25,0,empty,OUT,999,room_empty
2025-12-04T11:33:20.795632,14:26,0,empty,OUT,999,room_empty
2025-12-04T11:33:21.296050,14:27,0,empty,OUT,999,room_empty
2025-12-04T11:33:21.796261,14:29,0,empty,OUT,999,room_empty
2025-12-04T11:33:22.296467,14:30,0,empty,OUT,999,room_empty
2025-12-04T11:33:22.796660,14:31,0,empty,OUT,999,room_empty
2025-12-04T11:33:23.296861,14:32,0,empty,OUT,999,room_empty
2025-12-04T11:33:23.797064,14:33,0,empty,OUT,999,room_empty
2025-12-04T11:33:24.297380,14:35,0,empty,OUT,999,room_empty
2025-12-04T11:33:24.797588,14:36,0,empty,OUT,999,room_empty
2025-12-04T11:33:25.297791,14:37,0,empty,OUT,999,room_empty
2025-12-04T11:33:25.797998,14:38,0,empty,OUT,999,room_empty
2025-12-04T11:33:26.298208,14:39,0,empty,OUT,999,room_empty
2025-12-04T11:33:26.798418,14:41,0,empty,OUT,999,room_empty
2025-12-04T11:33:27.298730,14:42,0,empty,OUT,999,room_empty
2025-12-04T11:33:27.798940,14:43,0,empty,OUT,999,room_empty
2025-12-04T11:33:28.299142,14:44,0,empty,OUT,999,room_empty
2025-12-04T11:33:28.799330,14:45,0,empty,OUT,999,room_empty
2025-12-04T11:33:29.299530,14:47,0,empty,OUT,999,room_empty
2025-12-04T11:33:29.799736,14:48,0,empty,IN,999,moving_in_room
2025-12-04T11:33:30.300140,14:49,0,empty,IN,999,moving_in_room
2025-12-04T11:33:30.800348,14:50,0,empty,IN,999,moving_in_room
2025-12-04T11:33:31.300552,14:51,0,empty,IN,999,moving_in_room
2025-12-04T11:33:31.800758,14:53,0,empty,IN,999,moving_in_room
2025-12-04T11:33:32.300971,14:54,0,empty,IN,999,moving_in_room
2025-12-04T11:33:32.801192,14:55,0,empty,IN,999,moving_in_room
2025-12-04T11:33:33.301506,14:56,0,empty,IN,999,moving_in_room
2025-12-04T11:33:33.801713,14:57,0,empty,IN,999,moving_in_room
2025-12-04T11:33:34.301918,14:59,0,empty,IN,999,moving_in_room
2025-12-04T11:33:34.802114,15:00,0,empty,IN,999,moving_in_room
2025-12-04T11:33:35.302321,15:01,0,empty,IN,999,moving_in_room
2025-12-04T11:33:35.802524,15:02,0,empty,IN,999,moving_in_room
2025-12-04T11:33:36.302831,15:03,0,empty,IN,999,moving_in_room
2025-12-04T11:33:36.803041,15:05,0,empty,IN,999,moving_in_room
2025-12-04T11:33:37.303224,15:06,0,empty,OUT,999,room_empty
2025-12-04T11:33:37.803430,15:07,0,empty,OUT,999,room_empty
2025-12-04T11:33:38.303620,15:08,0,empty,OUT,999,room_empty
2025-12-04T11:33:38.803828,15:09,0,empty,OUT,999,room_empty
2025-12-04T11:33:39.304232,15:11,0,empty,OUT,999,room_empty
2025-12-04T11:33:39.804442,15:12,0,empty,OUT,999,room_empty
2025-12-04T11:33:40.304633,15:13,0,empty,OUT,999,room_empty
2025-12-04T11:33:40.804832,15:14,0,empty,OUT,999,room_empty
2025-12-04T11:33:41.305037,15:15,0,empty,OUT,999,room_empty
2025-12-04T11:33:41.805245,15:17,0,empty,OUT,999,room_empty
2025-12-04T11:33:42.305578,15:18,0,empty,OUT,999,room_empty
2025-12-04T11:33:42.805791,15:19,0,empty,OUT,999,room_empty
2025-12-04T11:33:43.305985,15:20,0,empty,OUT,999,room_empty
2025-12-04T11:33:43.806189,15:21,0,empty,OUT,999,room_empty
2025-12-04T11:33:44.306383,15:23,0,empty,OUT,999,room_empty
2025-12-04T11:33:44.806588,15:24,0,empty,OUT,999,room_empty
2025-12-04T11:33:45.306966,15:25,0,empty,OUT,999,room_empty
2025-12-04T11:33:45.807143,15:26,0,empty,OUT,999,room_empty
2025-12-04T11:33:46.307301,15:27,0,empty,OUT,999,room_empty
2025-12-04T11:33:46.807474,15:29,0,empty,OUT,999,room_empty
2025-12-04T11:33:47.307635,15:30,0,empty,OUT,999,room_empty
2025-12-04T11:33:47.807809,15:31,0,empty,IN,999,moving_in_room
2025-12-04T11:33:48.308058,15:32,0,empty,IN,999,moving_in_room
2025-12-04T11:33:48.808238,15:33,0,empty,IN,999,moving_in_room
2025-12-04T11:33:49.308410,15:35,0,empty,IN,999,moving_in_room
2025-12-04T11:33:49.808581,15:36,0,empty,IN,999,moving_in_room
2025-12-04T11:33:50.308777,15:37,0,empty,IN,999,moving_in_room
2025-12-04T11:33:50.809000,15:38,0,empty,IN,999,moving_in_room
2025-12-04T11:33:51.309746,15:39,0,empty,IN,999,moving_in_room
2025-12-04T11:33:51.809958,15:41,0,empty,IN,999,moving_in_room
2025-12-04T11:33:52.310174,15:42,0,empty,IN,999,moving_in_room
2025-12-04T11:33:52.810384,15:43,0,empty,IN,999,moving_in_room
2025-12-04T11:33:53.310596,15:44,0,empty,IN,999,moving_in_room
2025-12-04T11:33:53.810811,15:45,0,empty,IN,999,moving_in_room
2025-12-04T11:33:54.311124,15:47,0,empty,IN,999,moving_in_room
2025-12-04T11:33:54.811338,15:48,0,empty,IN,999,moving_in_room
2025-12-04T11:33:55.311547,15:49,0,empty,IN,999,moving_in_room
2025-12-04T11:33:55.811754,15:50,0,empty,IN,999,moving_in_room
2025-12-04T11:33:56.311966,15:51,0,empty,IN,999,moving_in_room
2025-12-04T11:33:56.812174,15:53,0,empty,IN,999,moving_in_room
2025-12-04T11:33:57.312491,15:54,0,empty,IN,999,moving_in_room
2025-12-04T11:33:57.812704,15:55,0,empty,IN,999,moving_in_room
2025-12-04T11:33:58.312916,15:56,0,empty,IN,999,moving_in_room
2025-12-04T11:33:58.813125,15:57,0,empty,IN,999,moving_in_room
2025-12-04T11:33:59.313335,15:59,0,empty,IN,999,moving_in_room
2025-12-04T11:33:59.813543,16:00,0,empty,IN,999,moving_in_room
2025-12-04T11:34:00.313854,16:01,0,empty,IN,999,moving_in_room
2025-12-04T11:34:00.814037,16:02,0,empty,OUT,999,room_empty
2025-12-04T11:34:01.314235,16:03,0,empty,OUT,999,room_empty
2025-12-04T11:34:01.814423,16:05,0,empty,OUT,999,room_empty
2025-12-04T11:34:02.314627,16:06,0,empty,OUT,999,room_empty
2025-12-04T11:34:02.814820,16:07,0,empty,OUT,999,room_empty
2025-12-04T11:34:03.315140,16:08,0,empty,OUT,999,room_empty
2025-12-04T11:34:03.815338,16:09,0,empty,OUT,999,room_empty
2025-12-04T11:34:04.315538,16:11,0,empty,OUT,999,room_empty
2025-12-04T11:34:04.815726,16:12,0,empty,OUT,999,room_empty
2025-12-04T11:34:05.315927,16:13,0,empty,OUT,999,room_empty
2025-12-04T11:34:05.816111,16:14,0,empty,OUT,999,room_empty
2025-12-04T11:34:06.316411,16:15,0,empty,OUT,999,room_empty
2025-12-04T11:34:06.816608,16:17,0,empty,OUT,999,room_empty
2025-12-04T11:34:07.316810,16:18,0,empty,OUT,999,room_empty
2025-12-04T11:34:07.817032,16:19,0,empty,OUT,999,room_empty
2025-12-04T11:34:08.317240,16:20,0,empty,OUT,999,room_empty
2025-12-04T11:34:08.817429,16:21,0,empty,OUT,999,room_empty
2025-12-04T11:34:09.317716,16:23,0,empty,OUT,999,room_empty
2025-12-04T11:34:09.817879,16:24,0,empty,OUT,999,room_empty
2025-12-04T11:34:10.318041,16:25,0,empty,OUT,999,room_empty
2025-12-04T11:34:10.818199,16:26,0,empty,OUT,999,room_empty
2025-12-04T11:34:11.318359,16:27,0,empty,OUT,999,room_empty
2025-12-04T11:34:11.818511,16:29,0,empty,OUT,999,room_empty
2025-12-04T11:34:12.318760,16:30,0,empty,OUT,999,room_empty
2025-12-04T11:34:12.818917,16:31,0,empty,OUT,999,room_empty
2025-12-04T11:34:13.319084,16:32,0,empty,OUT,999,room_empty
2025-12-04T11:34:13.819236,16:33,0,empty,OUT,999,room_empty
2025-12-04T11:34:14.319417,16:35,0,empty,OUT,999,room_empty
2025-12-04T11:34:14.819619,16:36,0,empty,IN,999,moving_in_room
2025-12-04T11:34:15.319931,16:37,0,empty,IN,999,moving_in_room
2025-12-04T11:34:15.820133,16:38,0,empty,IN,999,moving_in_room
2025-12-04T11:34:16.320333,16:39,0,empty,IN,999,moving_in_room
2025-12-04T11:34:16.820540,16:41,0,empty,IN,999,moving_in_room
2025-12-04T11:34:17.320731,16:42,0,empty,IN,999,moving_in_room
2025-12-04T11:34:17.820929,16:43,0,empty,IN,999,moving_in_room
2025-12-04T11:34:18.321253,16:44,0,empty,IN,999,moving_in_room
2025-12-04T11:34:18.821466,16:45,0,empty,IN,999,moving_in_room
2025-12-04T11:34:19.321672,16:47,0,empty,IN,999,moving_in_room
2025-12-04T11:34:19.821876,16:48,0,empty,IN,999,moving_in_room
2025-12-04T11:34:20.322057,16:49,0,empty,IN,999,moving_in_room
2025-12-04T11:34:20.822248,16:50,0,empty,IN,999,moving_in_room
2025-12-04T11:34:21.322564,16:51,0,empty,IN,999,moving_in_room
2025-12-04T11:34:21.822776,16:53,0,empty,IN,999,moving_in_room
2025-12-04T11:34:22.322983,16:54,0,empty,IN,999,moving_in_room
2025-12-04T11:34:22.823189,16:55,0,empty,IN,999,moving_in_room
2025-12-04T11:34:23.323381,16:56,0,empty,IN,999,moving_in_room
2025-12-04T11:34:23.823580,16:57,0,empty,IN,999,moving_in_room
2025-12-04T11:34:24.323900,16:59,0,empty,IN,999,moving_in_room
2025-12-04T11:34:24.824114,17:00,0,empty,IN,999,moving_in_room
2025-12-04T11:34:25.324308,17:01,0,empty,OUT,999,room_empty
2025-12-04T11:34:25.824524,17:02,0,empty,OUT,999,room_empty
2025-12-04T11:34:26.324736,17:03,0,empty,OUT,999,room_empty
2025-12-04T11:34:26.824948,17:05,0,empty,OUT,999,room_empty
2025-12-04T11:34:27.325284,17:06,0,empty,OUT,999,room_empty
2025-12-04T11:34:27.825503,17:07,0,empty,OUT,999,room_empty
2025-12-04T11:34:28.325713,17:08,0,empty,OUT,999,room_empty
2025-12-04T11:34:28.825895,17:09,0,empty,OUT,999,room_empty
2025-12-04T11:34:29.326104,17:11,0,empty,OUT,999,room_empty
2025-12-04T11:34:29.826313,17:12,0,empty,OUT,999,room_empty
2025-12-04T11:34:30.326624,17:13,0,empty,OUT,999,room_empty
2025-12-04T11:34:30.826835,17:14,0,empty,OUT,999,room_empty
2025-12-04T11:34:31.327036,17:15,0,empty,OUT,999,room_empty
2025-12-04T11:34:31.827251,17:17,0,empty,OUT,999,room_empty
2025-12-04T11:34:32.327465,17:18,0,empty,OUT,999,room_empty
2025-12-04T11:34:32.827678,17:19,0,empty,OUT,999,room_empty
2025-12-04T11:34:33.327997,17:20,0,empty,OUT,999,room_empty
2025-12-04T11:34:33.828210,17:21,0,empty,OUT,999,room_empty
2025-12-04T11:34:34.328416,17:23,0,empty,OUT,999,room_empty
2025-12-04T11:34:34.828626,17:24,0,empty,OUT,999,room_empty
2025-12-04T11:34:35.328841,17:25,0,empty,OUT,999,room_empty
2025-12-04T11:34:35.829062,17:26,0,empty,OUT,999,room_empty
2025-12-04T11:34:36.329373,17:27,0,empty,OUT,999,room_empty
2025-12-04T11:34:36.829590,17:29,0,empty,OUT,999,room_empty
2025-12-04T11:34:37.329789,17:30,0,empty,OUT,999,room_empty
2025-12-04T11:34:37.830000,17:31,0,empty,OUT,999,room_empty
2025-12-04T11:34:38.330211,17:32,0,empty,OUT,999,room_empty
2025-12-04T11:34:38.830423,17:33,0,empty,OUT,999,room_empty
2025-12-04T11:34:39.330739,17:35,0,empty,OUT,999,room_empty
2025-12-04T11:34:39.830957,17:36,0,empty,OUT,999,room_empty
2025-12-04T11:34:40.331162,17:37,0,empty,OUT,999,room_empty
2025-12-04T11:34:40.831368,17:38,0,empty,OUT,999,room_empty
2025-12-04T11:34:41.331575,17:39,0,empty,OUT,999,room_empty
2025-12-04T11:34:41.831790,17:41,0,empty,OUT,999,room_empty
2025-12-04T11:34:42.332116,17:42,0,empty,OUT,999,room_empty
2025-12-04T11:34:42.832333,17:43,0,empty,OUT,999,room_empty
2025-12-04T11:34:43.332531,17:44,0,empty,OUT,999,room_empty
2025-12-04T11:34:43.832741,17:45,0,empty,OUT,999,room_empty
2025-12-04T11:34:44.332952,17:47,0,empty,OUT,999,room_empty
2025-12-04T11:34:44.833178,17:48,0,empty,OUT,999,room_empty
2025-12-04T11:34:45.333483,17:49,0,empty,OUT,999,room_empty
2025-12-04T11:34:45.833693,17:50,0,empty,OUT,999,room_empty
2025-12-04T11:34:46.333885,17:51,0,empty,OUT,999,room_empty
2025-12-04T11:34:46.834093,17:53,0,empty,OUT,999,room_empty
2025-12-04T11:34:47.334299,17:54,0,empty,OUT,999,room_empty
2025-12-04T11:34:47.834510,17:55,0,empty,OUT,999,room_empty
2025-12-04T11:34:48.334828,17:56,0,empty,IN,999,moving_in_room
2025-12-04T11:34:48.835040,17:57,0,empty,IN,999,moving_in_room
2025-12-04T11:34:49.335243,17:59,0,empty,IN,999,moving_in_room
2025-12-04T11:34:49.835446,18:00,0,empty,IN,999,moving_in_room
2025-12-04T11:34:50.335626,18:01,0,empty,IN,999,moving_in_room
2025-12-04T11:34:50.835822,18:02,0,empty,IN,999,moving_in_room
2025-12-04T11:34:51.336134,18:03,0,empty,IN,999,moving_in_room
2025-12-04T11:34:51.836350,18:05,0,empty,IN,999,moving_in_room
2025-12-04T11:34:52.336561,18:06,0,empty,IN,999,moving_in_room
2025-12-04T11:34:52.836775,18:07,0,empty,OUT,999,room_empty
2025-12-04T11:34:53.336997,18:08,0,empty,OUT,999,room_empty
2025-12-04T11:34:53.837213,18:09,0,empty,OUT,999,room_empty
2025-12-04T11:34:54.337527,18:11,0,empty,OUT,999,room_empty
2025-12-04T11:34:54.837739,18:12,0,empty,OUT,999,room_empty
2025-12-04T11:34:55.337941,18:13,0,empty,OUT,999,room_empty
2025-12-04T11:34:55.838145,18:14,0,empty,OUT,999,room_empty
2025-12-04T11:34:56.338348,18:15,0,empty,OUT,999,room_empty
2025-12-04T11:34:56.838571,18:17,0,empty,OUT,999,room_empty
2025-12-04T11:34:57.338865,18:18,0,empty,OUT,999,room_empty
2025-12-04T11:34:57.839045,18:19,0,empty,OUT,999,room_empty
2025-12-04T11:34:58.339223,18:20,0,empty,OUT,999,room_empty
2025-12-04T11:34:58.839401,18:21,0,empty,OUT,999,room_empty
2025-12-04T11:34:59.339574,18:23,0,empty,OUT,999,room_empty
2025-12-04T11:34:59.839746,18:24,0,empty,OUT,999,room_empty
2025-12-04T11:35:00.339997,18:25,0,empty,OUT,999,room_empty
2025-12-04T11:35:00.840181,18:26,0,empty,OUT,999,room_empty
2025-12-04T11:35:01.340362,18:27,0,empty,OUT,999,room_empty
2025-12-04T11:35:01.840540,18:29,0,empty,OUT,999,room_empty
2025-12-04T11:35:02.340739,18:30,0,empty,OUT,999,room_empty
2025-12-04T11:35:02.840952,18:31,0,empty,OUT,999,room_empty
2025-12-04T11:35:03.341290,18:32,0,empty,OUT,999,room_empty
2025-12-04T11:35:03.841502,18:33,0,empty,OUT,999,room_empty
2025-12-04T11:35:04.341713,18:35,0,empty,OUT,999,room_empty
2025-12-04T11:35:04.841921,18:36,0,empty,OUT,999,room_empty
2025-12-04T11:35:05.342125,18:37,0,empty,OUT,999,room_empty
2025-12-04T11:35:05.842337,18:38,0,empty,OUT,999,room_empty
2025-12-04T11:35:06.342656,18:39,0,empty,OUT,999,room_empty
2025-12-04T11:35:06.842870,18:41,0,empty,OUT,999,room_empty
2025-12-04T11:35:07.343084,18:42,0,empty,OUT,999,room_empty
2025-12-04T11:35:07.843295,18:43,0,empty,IN,999,moving_in_room
2025-12-04T11:35:08.343498,18:44,0,empty,IN,999,moving_in_room
2025-12-04T11:35:08.843699,18:45,0,empty,IN,999,moving_in_room
2025-12-04T11:35:09.343988,18:47,0,empty,IN,999,moving_in_room
2025-12-04T11:35:09.844162,18:48,0,empty,IN,999,moving_in_room
2025-12-04T11:35:10.344338,18:49,0,empty,IN,999,moving_in_room
2025-12-04T11:35:10.844517,18:50,0,empty,IN,999,moving_in_room
2025-12-04T11:35:11.344697,18:51,0,empty,IN,999,moving_in_room
2025-12-04T11:35:11.844875,18:53,0,empty,IN,999,moving_in_room
2025-12-04T11:35:12.345143,18:54,0,empty,IN,999,moving_in_room
2025-12-04T11:35:12.845312,18:55,0,empty,IN,999,moving_in_room
2025-12-04T11:35:13.345466,18:56,0,empty,OUT,999,room_empty
2025-12-04T11:35:13.845637,18:57,0,empty,OUT,999,room_empty
2025-12-04T11:35:14.345820,18:59,0,empty,OUT,999,room_empty
2025-12-04T11:35:14.846031,19:00,0,empty,OUT,999,room_empty
2025-12-04T11:35:15.346345,19:01,0,empty,OUT,999,room_empty
2025-12-04T11:35:15.846552,19:02,0,empty,OUT,999,room_empty
2025-12-04T11:35:16.346754,19:03,0,empty,OUT,999,room_empty
2025-12-04T11:35:16.846968,19:05,0,empty,OUT,999,room_empty
2025-12-04T11:35:17.347176,19:06,0,empty,OUT,999,room_empty
2025-12-04T11:35:17.847385,19:07,0,empty,OUT,999,room_empty
2025-12-04T11:35:18.347698,19:08,0,empty,OUT,999,room_empty
2025-12-04T11:35:18.847912,19:09,0,empty,OUT,999,room_empty
2025-12-04T11:35:19.348114,19:11,0,empty,OUT,999,room_empty
2025-12-04T11:35:19.848323,19:12,0,empty,OUT,999,room_empty
2025-12-04T11:35:20.348523,19:13,0,empty,OUT,999,room_empty
2025-12-04T11:35:20.848728,19:14,0,empty,OUT,999,room_empty
2025-12-04T11:35:21.349057,19:15,0,empty,OUT,999,room_empty
2025-12-04T11:35:21.849273,19:17,0,empty,OUT,999,room_empty
2025-12-04T11:35:22.349477,19:18,0,empty,OUT,999,room_empty
2025-12-04T11:35:22.849691,19:19,0,empty,OUT,999,room_empty
2025-12-04T11:35:23.349892,19:20,0,empty,OUT,999,room_empty
2025-12-04T11:35:23.850102,19:21,0,empty,OUT,999,room_empty
2025-12-04T11:35:24.350417,19:23,0,empty,OUT,999,room_empty
2025-12-04T11:35:24.850629,19:24,0,empty,OUT,999,room_empty
2025-12-04T11:35:25.350834,19:25,0,empty,OUT,999,room_empty
2025-12-04T11:35:25.851041,19:26,0,empty,OUT,999,room_empty
2025-12-04T11:35:26.351246,19:27,0,empty,OUT,999,room_empty
2025-12-04T11:35:26.851465,19:29,0,empty,OUT,999,room_empty
2025-12-04T11:35:27.351935,19:30,0,empty,IN,999,moving_in_room
2025-12-04T11:35:27.852177,19:31,0,empty,IN,999,moving_in_room
2025-12-04T11:35:28.352386,19:32,0,empty,IN,999,moving_in_room
2025-12-04T11:35:28.852622,19:33,0,empty,IN,999,moving_in_room
2025-12-04T11:35:29.352828,19:35,0,empty,IN,999,moving_in_room
2025-12-04T11:35:29.853074,19:36,0,empty,IN,999,moving_in_room
2025-12-04T11:35:30.353405,19:37,0,empty,IN,999,moving_in_room
2025-12-04T11:35:30.853643,19:38,0,empty,IN,999,moving_in_room
2025-12-04T11:35:31.354242,19:39,0,empty,IN,999,moving_in_room
2025-12-04T11:35:31.854486,19:41,0,empty,IN,999,moving_in_room
2025-12-04T11:35:32.354699,19:42,0,empty,IN,999,moving_in_room
2025-12-04T11:35:32.854931,19:43,0,empty,IN,999,moving_in_room
2025-12-04T11:35:33.355248,19:44,0,empty,IN,999,moving_in_room
2025-12-04T11:35:33.855477,19:45,0,empty,IN,999,moving_in_room
2025-12-04T11:35:34.355685,19:47,0,empty,IN,999,moving_in_room
2025-12-04T11:35:34.855871,19:48,0,empty,OUT,999,room_empty
2025-12-04T11:35:35.356068,19:49,0,empty,OUT,999,room_empty
2025-12-04T11:35:35.856286,19:50,0,empty,OUT,999,room_empty
2025-12-04T11:35:36.356592,19:51,0,empty,OUT,999,room_empty
2025-12-04T11:35:36.856822,19:53,0,empty,OUT,999,room_empty
2025-12-04T11:35:37.357044,19:54,0,empty,OUT,999,room_empty
2025-12-04T11:35:37.857262,19:55,0,empty,OUT,999,room_empty
2025-12-04T11:35:38.357462,19:56,0,empty,OUT,999,room_empty
2025-12-04T11:35:38.857675,19:57,0,empty,OUT,999,room_empty
2025-12-04T11:35:39.357982,19:59,0,empty,OUT,999,room_empty
2025-12-04T11:35:39.858211,20:00,0,empty,OUT,999,room_empty
2025-12-04T11:35:40.358418,20:01,0,empty,OUT,999,room_empty
2025-12-04T11:35:40.858616,20:02,0,empty,OUT,999,room_empty
2025-12-04T11:35:41.358821,20:03,0,empty,OUT,999,room_empty
2025-12-04T11:35:41.859051,20:05,0,empty,OUT,999,room_empty
2025-12-04T11:35:42.359780,20:06,0,empty,OUT,999,room_empty
2025-12-04T11:35:42.860009,20:07,0,empty,OUT,999,room_empty
2025-12-04T11:35:43.360217,20:08,0,empty,OUT,999,room_empty
2025-12-04T11:35:43.860438,20:09,0,empty,OUT,999,room_empty
2025-12-04T11:35:44.360643,20:11,0,empty,OUT,999,room_empty
2025-12-04T11:35:44.860866,20:12,0,empty,OUT,999,room_empty
2025-12-04T11:35:45.361499,20:13,0,empty,OUT,999,room_empty
2025-12-04T11:35:45.861729,20:14,0,empty,IN,999,moving_in_room
2025-12-04T11:35:46.361941,20:15,0,empty,IN,999,moving_in_room
2025-12-04T11:35:46.862153,20:17,0,empty,IN,999,moving_in_room
2025-12-04T11:35:47.362364,20:18,0,empty,IN,999,moving_in_room
2025-12-04T11:35:47.862597,20:19,0,empty,IN,999,moving_in_room
2025-12-04T11:35:48.363238,20:20,0,empty,IN,999,moving_in_room
2025-12-04T11:35:48.863468,20:21,0,empty,IN,999,moving_in_room
2025-12-04T11:35:49.363669,20:23,0,empty,IN,999,moving_in_room
2025-12-04T11:35:49.863889,20:24,0,empty,IN,999,moving_in_room
2025-12-04T11:35:50.364083,20:25,0,empty,IN,999,moving_in_room
2025-12-04T11:35:50.864315,20:26,0,empty,IN,999,moving_in_room
2025-12-04T11:35:51.364630,20:27,0,empty,IN,999,moving_in_room
2025-12-04T11:35:51.864868,20:29,0,empty,IN,999,moving_in_room
2025-12-04T11:35:52.365088,20:30,0,empty,IN,999,moving_in_room
2025-12-04T11:35:52.865304,20:31,0,empty,IN,999,moving_in_room
2025-12-04T11:35:53.365506,20:32,0,empty,IN,999,moving_in_room
2025-12-04T11:35:53.865705,20:33,0,empty,IN,999,moving_in_room
2025-12-04T11:35:54.366018,20:35,0,empty,IN,999,moving_in_room
2025-12-04T11:35:54.866250,20:36,0,empty,IN,999,moving_in_room
2025-12-04T11:35:55.366452,20:37,0,empty,IN,999,moving_in_room
2025-12-04T11:35:55.866681,20:38,0,empty,IN,999,moving_in_room
2025-12-04T11:35:56.366889,20:39,0,empty,IN,999,moving_in_room
2025-12-04T11:35:56.867126,20:41,0,empty,IN,999,moving_in_room
2025-12-04T11:35:57.367542,20:42,0,empty,IN,999,moving_in_room
2025-12-04T11:35:57.867773,20:43,0,empty,IN,999,moving_in_room
2025-12-04T11:35:58.367988,20:44,0,empty,IN,999,moving_in_room
2025-12-04T11:35:58.868209,20:45,0,empty,IN,999,moving_in_room
2025-12-04T11:35:59.368415,20:47,0,empty,IN,999,moving_in_room
2025-12-04T11:35:59.868638,20:48,0,empty,IN,999,moving_in_room
2025-12-04T11:36:00.368949,20:49,0,empty,IN,999,moving_in_room
2025-12-04T11:36:00.869200,20:50,0,empty,IN,999,moving_in_room
2025-12-04T11:36:01.369415,20:51,0,empty,IN,999,moving_in_room
2025-12-04T11:36:01.869657,20:53,0,empty,IN,999,moving_in_room
2025-12-04T11:36:02.369868,20:54,0,empty,IN,999,moving_in_room
2025-12-04T11:36:02.870098,20:55,0,empty,IN,999,moving_in_room
2025-12-04T11:36:03.370421,20:56,0,empty,IN,999,moving_in_room
2025-12-04T11:36:03.870648,20:58,0,empty,IN,999,moving_in_room
2025-12-04T11:36:04.370852,20:59,0,empty,IN,999,moving_in_room
2025-12-04T11:36:04.871042,21:00,0,empty,IN,999,moving_in_room
2025-12-04T11:36:05.371242,21:01,0,empty,IN,999,moving_in_room
2025-12-04T11:36:05.871450,21:02,0,empty,IN,999,moving_in_room
2025-12-04T11:36:06.371762,21:03,0,empty,IN,999,moving_in_room
2025-12-04T11:36:06.872005,21:05,0,empty,IN,999,moving_in_room
2025-12-04T11:36:07.372217,21:06,0,empty,IN,999,moving_in_room
2025-12-04T11:36:07.872436,21:07,0,empty,IN,999,moving_in_room
2025-12-04T11:36:08.372636,21:08,0,empty,IN,999,moving_in_room
2025-12-04T11:36:08.872856,21:10,0,empty,IN,999,moving_in_room
2025-12-04T11:36:09.373209,21:11,0,empty,IN,999,moving_in_room
2025-12-04T11:36:09.873401,21:12,0,empty,IN,999,moving_in_room
2025-12-04T11:36:10.373578,21:13,0,empty,IN,999,moving_in_room
2025-12-04T11:36:10.873779,21:14,0,empty,IN,999,moving_in_room
2025-12-04T11:36:11.373955,21:16,0,empty,IN,999,moving_in_room
2025-12-04T11:36:11.874157,21:17,0,empty,IN,999,moving_in_room
2025-12-04T11:36:12.374480,21:18,0,empty,IN,999,moving_in_room
2025-12-04T11:36:12.874665,21:19,0,empty,IN,999,moving_in_room
2025-12-04T11:36:13.374841,21:20,0,empty,IN,999,moving_in_room
2025-12-04T11:36:13.875024,21:22,0,empty,IN,999,moving_in_room
2025-12-04T11:36:14.375219,21:23,0,empty,IN,999,moving_in_room
2025-12-04T11:36:14.875449,21:24,0,empty,IN,999,moving_in_room
2025-12-04T11:36:15.375762,21:25,0,empty,IN,999,moving_in_room
2025-12-04T11:36:15.876000,21:26,0,empty,IN,999,moving_in_room
2025-12-04T11:36:16.376215,21:28,0,empty,IN,999,moving_in_room
2025-12-04T11:36:16.876478,21:29,0,empty,IN,999,moving_in_room
2025-12-04T11:36:17.376677,21:30,0,empty,IN,999,moving_in_room
2025-12-04T11:36:17.876853,21:31,0,empty,IN,999,moving_in_room
2025-12-04T11:36:18.377275,21:32,0,empty,IN,999,moving_in_room
2025-12-04T11:36:18.877470,21:34,0,empty,IN,999,moving_in_room
2025-12-04T11:36:19.377648,21:35,0,empty,IN,999,moving_in_room
2025-12-04T11:36:19.877833,21:36,0,empty,IN,999,moving_in_room
2025-12-04T11:36:20.378002,21:37,0,empty,IN,999,moving_in_room
2025-12-04T11:36:20.878199,21:38,0,empty,IN,999,moving_in_room
2025-12-04T11:36:21.378527,21:40,0,empty,IN,999,moving_in_room
2025-12-04T11:36:21.878727,21:41,0,empty,IN,999,moving_in_room
2025-12-04T11:36:22.378933,21:42,0,empty,IN,999,moving_in_room
2025-12-04T11:36:22.879176,21:43,0,empty,IN,999,moving_in_room
2025-12-04T11:36:23.379393,21:44,0,empty,IN,999,moving_in_room
2025-12-04T11:36:23.879624,21:46,0,empty,IN,999,moving_in_room
2025-12-04T11:36:24.379941,21:47,0,empty,IN,999,moving_in_room
2025-12-04T11:36:24.880158,21:48,0,empty,IN,999,moving_in_room
2025-12-04T11:36:25.380374,21:49,0,empty,IN,999,moving_in_room
2025-12-04T11:36:25.880604,21:50,0,empty,IN,999,moving_in_room
2025-12-04T11:36:26.380815,21:52,0,empty,IN,999,moving_in_room
2025-12-04T11:36:26.881070,21:53,0,empty,OUT,999,room_empty
2025-12-04T11:36:27.381391,21:54,0,empty,OUT,999,room_empty
2025-12-04T11:36:27.881631,21:55,0,empty,OUT,999,room_empty
2025-12-04T11:36:28.381845,21:56,0,empty,OUT,999,room_empty
2025-12-04T11:36:28.882062,21:58,0,empty,OUT,999,room_empty
2025-12-04T11:36:29.382257,21:59,0,empty,OUT,999,room_empty
2025-12-04T11:36:29.882497,22:00,0,empty,OUT,999,room_empty
2025-12-04T11:36:30.382811,22:01,0,empty,OUT,999,room_empty
2025-12-04T11:36:30.883050,22:02,0,empty,OUT,999,room_empty
2025-12-04T11:36:31.383261,22:04,0,empty,OUT,999,room_empty
2025-12-04T11:36:31.883481,22:05,0,empty,OUT,999,room_empty
2025-12-04T11:36:32.383691,22:06,0,empty,OUT,999,room_empty
2025-12-04T11:36:32.883927,22:07,0,empty,OUT,999,room_empty
2025-12-04T11:36:33.384242,22:08,0,empty,OUT,999,room_empty
2025-12-04T11:36:33.884472,22:10,0,empty,OUT,999,room_empty
2025-12-04T11:36:34.384672,22:11,0,empty,IN,999,moving_in_room
2025-12-04T11:36:34.884886,22:12,0,empty,IN,999,moving_in_room
2025-12-04T11:36:35.385069,22:13,0,empty,IN,999,moving_in_room
2025-12-04T11:36:35.885305,22:14,0,empty,IN,999,moving_in_room
2025-12-04T11:36:36.385626,22:16,0,empty,IN,999,moving_in_room
2025-12-04T11:36:36.885871,22:17,0,empty,IN,999,moving_in_room
2025-12-04T11:36:37.386080,22:18,0,empty,IN,999,moving_in_room
2025-12-04T11:36:37.886292,22:19,0,empty,IN,999,moving_in_room
2025-12-04T11:36:38.386483,22:20,0,empty,IN,999,moving_in_room
2025-12-04T11:36:38.886696,22:22,0,empty,IN,999,moving_in_room
2025-12-04T11:36:39.387010,22:23,0,empty,IN,999,moving_in_room
2025-12-04T11:36:39.887254,22:24,0,empty,IN,999,moving_in_room
2025-12-04T11:36:40.387475,22:25,0,empty,IN,999,moving_in_room
2025-12-04T11:36:40.887723,22:26,0,empty,IN,999,moving_in_room
2025-12-04T11:36:41.387938,22:28,0,empty,IN,999,moving_in_room
2025-12-04T11:36:41.888191,22:29,0,empty,IN,999,moving_in_room
2025-12-04T11:36:42.388530,22:30,0,empty,IN,999,moving_in_room
2025-12-04T11:36:42.888761,22:31,0,empty,IN,999,moving_in_room
2025-12-04T11:36:43.388953,22:32,0,empty,IN,999,moving_in_room
2025-12-04T11:36:43.889182,22:34,0,empty,OUT,999,room_empty
2025-12-04T11:36:44.389369,22:35,0,empty,OUT,999,room_empty
2025-12-04T11:36:44.889592,22:36,0,empty,OUT,999,room_empty
2025-12-04T11:36:45.390026,22:37,0,empty,OUT,999,room_empty
2025-12-04T11:36:45.890276,22:38,0,empty,OUT,999,room_empty
2025-12-04T11:36:46.390493,22:40,0,empty,OUT,999,room_empty
2025-12-04T11:36:46.890741,22:41,0,empty,OUT,999,room_empty
2025-12-04T11:36:47.390964,22:42,0,empty,OUT,999,room_empty
2025-12-04T11:36:47.891194,22:43,0,empty,OUT,999,room_empty
2025-12-04T11:36:48.391535,22:44,0,empty,OUT,999,room_empty
2025-12-04T11:36:48.891775,22:46,0,empty,OUT,999,room_empty
2025-12-04T11:36:49.391989,22:47,0,empty,OUT,999,room_empty
2025-12-04T11:36:49.892185,22:48,0,empty,OUT,999,room_empty
2025-12-04T11:36:50.392392,22:49,0,empty,OUT,999,room_empty
2025-12-04T11:36:50.892641,22:50,0,empty,OUT,999,room_empty
2025-12-04T11:36:51.393075,22:52,0,empty,OUT,999,room_empty
2025-12-04T11:36:51.893339,22:53,0,empty,OUT,999,room_empty
2025-12-04T11:36:52.393544,22:54,0,empty,OUT,999,room_empty
2025-12-04T11:36:52.893729,22:55,0,empty,OUT,999,room_empty
2025-12-04T11:36:53.393902,22:56,0,empty,IN,999,moving_in_room
2025-12-04T11:36:53.894095,22:58,0,empty,IN,999,moving_in_room
2025-12-04T11:36:54.394415,22:59,0,empty,IN,999,moving_in_room
2025-12-04T11:36:54.894620,23:00,0,empty,IN,999,moving_in_room
2025-12-04T11:36:55.394803,23:01,0,empty,IN,999,moving_in_room
2025-12-04T11:36:55.895012,23:02,0,empty,IN,999,moving_in_room
2025-12-04T11:36:56.395191,23:04,0,empty,IN,999,moving_in_room
2025-12-04T11:36:56.895377,23:05,0,empty,IN,999,moving_in_room
2025-12-04T11:36:57.395658,23:06,0,empty,IN,999,moving_in_room
2025-12-04T11:36:57.895909,23:07,0,empty,IN,999,moving_in_room
2025-12-04T11:36:58.396125,23:08,0,empty,IN,999,moving_in_room
2025-12-04T11:36:58.896349,23:10,0,empty,IN,999,moving_in_room
2025-12-04T11:36:59.396540,23:11,0,empty,OUT,999,room_empty
2025-12-04T11:36:59.896781,23:12,0,empty,OUT,999,room_empty
2025-12-04T11:37:00.397096,23:13,0,empty,OUT,999,room_empty
2025-12-04T11:37:00.897345,23:14,0,empty,OUT,999,room_empty
2025-12-04T11:37:01.397552,23:16,0,empty,OUT,999,room_empty
2025-12-04T11:37:01.897798,23:17,0,empty,OUT,999,room_empty
2025-12-04T11:37:02.398024,23:18,0,empty,OUT,999,room_empty
2025-12-04T11:37:02.898267,23:19,0,empty,OUT,999,room_empty
2025-12-04T11:37:03.398695,23:20,0,empty,OUT,999,room_empty
2025-12-04T11:37:03.898938,23:22,0,empty,OUT,999,room_empty
2025-12-04T11:37:04.399158,23:23,0,empty,OUT,999,room_empty
2025-12-04T11:37:04.899381,23:24,0,empty,OUT,999,room_empty
2025-12-04T11:37:05.399576,23:25,0,empty,OUT,999,room_empty
2025-12-04T11:37:05.899794,23:26,0,empty,OUT,999,room_empty
2025-12-04T11:37:06.400253,23:28,0,empty,OUT,999,room_empty
2025-12-04T11:37:06.900495,23:29,0,empty,OUT,999,room_empty
2025-12-04T11:37:07.400717,23:30,0,empty,OUT,999,room_empty
2025-12-04T11:37:07.900945,23:31,0,empty,OUT,999,room_empty
2025-12-04T11:37:08.401188,23:32,0,empty,OUT,999,room_empty
2025-12-04T11:37:08.901423,23:34,0,empty,OUT,999,room_empty
2025-12-04T11:37:09.401723,23:35,0,empty,OUT,999,room_empty
2025-12-04T11:37:09.901929,23:36,0,empty,IN,999,moving_in_room
2025-12-04T11:37:10.402109,23:37,0,empty,IN,999,moving_in_room
2025-12-04T11:37:10.902317,23:38,0,empty,IN,999,moving_in_room
2025-12-04T11:37:11.402505,23:40,0,empty,IN,999,moving_in_room
2025-12-04T11:37:11.902708,23:41,0,empty,IN,999,moving_in_room
2025-12-04T11:37:12.403318,23:42,0,empty,IN,999,moving_in_room
2025-12-04T11:37:12.903523,23:43,0,empty,IN,999,moving_in_room
2025-12-04T11:37:13.403705,23:44,0,empty,IN,999,moving_in_room
2025-12-04T11:37:13.903906,23:46,0,empty,IN,999,moving_in_room
2025-12-04T11:37:14.404105,23:47,0,empty,OUT,999,room_empty
2025-12-04T11:37:14.904329,23:48,0,empty,OUT,999,room_empty
2025-12-04T11:37:15.405122,23:49,0,empty,OUT,999,room_empty
2025-12-04T11:37:15.905375,23:50,0,empty,OUT,999,room_empty
2025-12-04T11:37:16.405597,23:52,0,empty,OUT,999,room_empty
2025-12-04T11:37:16.905851,23:53,0,empty,OUT,999,room_empty
2025-12-04T11:37:17.406059,23:54,0,empty,OUT,999,room_empty
2025-12-04T11:37:17.906262,23:55,0,empty,OUT,999,room_empty
2025-12-04T11:37:18.406697,23:56,0,empty,OUT,999,room_empty
2025-12-04T11:37:18.906902,23:58,0,empty,OUT,999,room_empty
2025-12-04T11:37:19.407083,23:59,0,empty,OUT,999,room_empty
2025-12-04T11:37:19.907277,00:00,0,empty,OUT,999,room_empty
2025-12-04T11:37:20.407454,00:01,0,empty,OUT,999,room_empty
2025-12-04T11:37:20.907656,00:02,0,empty,OUT,999,room_empty
2025-12-04T11:37:21.407920,00:04,0,empty,OUT,999,room_empty
2025-12-04T11:37:21.908119,00:05,0,empty,OUT,999,room_empty
2025-12-04T11:37:22.408320,00:06,0,empty,OUT,999,room_empty
2025-12-04T11:37:22.908537,00:07,0,empty,OUT,999,room_empty
2025-12-04T11:37:23.408752,00:08,0,empty,OUT,999,room_empty
2025-12-04T11:37:23.909002,00:10,0,empty,OUT,999,room_empty
2025-12-04T11:37:24.409305,00:11,0,empty,OUT,999,room_empty
2025-12-04T11:37:24.909542,00:12,0,empty,IN,999,moving_in_room
2025-12-04T11:37:25.409753,00:13,0,empty,IN,999,moving_in_room
2025-12-04T11:37:25.909993,00:14,0,empty,IN,999,moving_in_room
2025-12-04T11:37:26.410205,00:16,0,empty,IN,999,moving_in_room
2025-12-04T11:37:26.910454,00:17,0,empty,IN,999,moving_in_room
2025-12-04T11:37:27.410770,00:18,0,empty,IN,999,moving_in_room
2025-12-04T11:37:27.911002,00:19,0,empty,IN,999,moving_in_room
2025-12-04T11:37:28.411209,00:20,0,empty,IN,999,moving_in_room
2025-12-04T11:37:28.911429,00:22,0,empty,IN,999,moving_in_room
2025-12-04T11:37:29.411633,00:23,0,empty,IN,999,moving_in_room
2025-12-04T11:37:29.911835,00:24,0,empty,IN,999,moving_in_room
2025-12-04T11:37:30.412337,00:25,0,empty,IN,999,moving_in_room
2025-12-04T11:37:30.912573,00:26,0,empty,IN,999,moving_in_room
2025-12-04T11:37:31.412785,00:28,0,empty,IN,999,moving_in_room
2025-12-04T11:37:31.913034,00:29,0,empty,IN,999,moving_in_room
2025-12-04T11:37:32.413251,00:30,0,empty,OUT,999,room_empty
2025-12-04T11:37:32.913481,00:31,0,empty,OUT,999,room_empty
2025-12-04T11:37:33.413818,00:32,0,empty,OUT,999,room_empty
2025-12-04T11:37:33.914058,00:34,0,empty,OUT,999,room_empty
2025-12-04T11:37:34.414270,00:35,0,empty,OUT,999,room_empty
2025-12-04T11:37:34.914473,00:36,0,empty,OUT,999,room_empty
2025-12-04T11:37:35.414694,00:37,0,empty,OUT,999,room_empty
2025-12-04T11:37:35.914929,00:38,0,empty,OUT,999,room_empty
2025-12-04T11:37:36.415356,00:40,0,empty,OUT,999,room_empty
2025-12-04T11:37:36.915570,00:41,0,empty,OUT,999,room_empty
2025-12-04T11:37:37.415779,00:42,0,empty,OUT,999,room_empty
2025-12-04T11:37:37.915992,00:43,0,empty,IN,999,moving_in_room
2025-12-04T11:37:38.416202,00:44,0,empty,IN,999,moving_in_room
2025-12-04T11:37:38.916427,00:46,0,empty,IN,999,moving_in_room
2025-12-04T11:37:39.417179,00:47,0,empty,IN,999,moving_in_room
2025-12-04T11:37:39.917403,00:48,0,empty,IN,999,moving_in_room
2025-12-04T11:37:40.417610,00:49,0,empty,IN,999,moving_in_room
2025-12-04T11:37:40.917833,00:50,0,empty,IN,999,moving_in_room
2025-12-04T11:37:41.418034,00:52,0,empty,IN,999,moving_in_room
2025-12-04T11:37:41.918271,00:53,0,empty,IN,999,moving_in_room
2025-12-04T11:37:42.418573,00:54,0,empty,OUT,999,room_empty
2025-12-04T11:37:42.918802,00:55,0,empty,OUT,999,room_empty
2025-12-04T11:37:43.419017,00:56,0,empty,OUT,999,room_empty
2025-12-04T11:37:43.919224,00:58,0,empty,OUT,999,room_empty
2025-12-04T11:37:44.419430,00:59,0,empty,OUT,999,room_empty
2025-12-04T11:37:44.919661,01:00,0,empty,OUT,999,room_empty
2025-12-04T11:37:45.420282,01:01,0,empty,OUT,999,room_empty
2025-12-04T11:37:45.920518,01:02,0,empty,OUT,999,room_empty
2025-12-04T11:37:46.420727,01:04,0,empty,OUT,999,room_empty
2025-12-04T11:37:46.920964,01:05,0,empty,OUT,999,room_empty
2025-12-04T11:37:47.421180,01:06,0,empty,OUT,999,room_empty
2025-12-04T11:37:47.921403,01:07,0,empty,IN,999,moving_in_room
2025-12-04T11:37:48.421924,01:08,0,empty,IN,999,moving_in_room
2025-12-04T11:37:48.922156,01:10,0,empty,IN,999,moving_in_room
2025-12-04T11:37:49.422363,01:11,0,empty,IN,999,moving_in_room
2025-12-04T11:37:49.922567,01:12,0,empty,IN,999,moving_in_room
2025-12-04T11:37:50.422765,01:13,0,empty,IN,999,moving_in_room
2025-12-04T11:37:50.923000,01:14,0,empty,IN,999,moving_in_room
2025-12-04T11:37:51.423775,01:16,0,empty,IN,999,moving_in_room
2025-12-04T11:37:51.924014,01:17,0,empty,IN,999,moving_in_room
2025-12-04T11:37:52.424202,01:18,0,empty,IN,999,moving_in_room
2025-12-04T11:37:52.924388,01:19,0,empty,IN,999,moving_in_room
2025-12-04T11:37:53.424561,01:20,0,empty,IN,999,moving_in_room
2025-12-04T11:37:53.924745,01:22,0,empty,OUT,999,room_empty
2025-12-04T11:37:54.425189,01:23,0,empty,OUT,999,room_empty
2025-12-04T11:37:54.925382,01:24,0,empty,OUT,999,room_empty
2025-12-04T11:37:55.425557,01:25,0,empty,OUT,999,room_empty
2025-12-04T11:37:55.925749,01:26,0,empty,OUT,999,room_empty
2025-12-04T11:37:56.425926,01:28,0,empty,OUT,999,room_empty
2025-12-04T11:37:56.926097,01:29,0,empty,OUT,999,room_empty
2025-12-04T11:37:57.426372,01:30,0,empty,OUT,999,room_empty
2025-12-04T11:37:57.926602,01:31,0,empty,OUT,999,room_empty
2025-12-04T11:37:58.426812,01:32,0,empty,OUT,999,room_empty
2025-12-04T11:37:58.927034,01:34,0,empty,OUT,999,room_empty
2025-12-04T11:37:59.427239,01:35,0,empty,OUT,999,room_empty
2025-12-04T11:37:59.927434,01:36,0,empty,IN,999,moving_in_room
2025-12-04T11:38:00.428124,01:37,0,empty,IN,999,moving_in_room
2025-12-04T11:38:00.928363,01:38,0,empty,IN,999,moving_in_room
2025-12-04T11:38:01.429125,01:40,0,empty,IN,999,moving_in_room
2025-12-04T11:38:01.929357,01:41,0,empty,IN,999,moving_in_room
2025-12-04T11:38:02.429574,01:42,0,empty,IN,999,moving_in_room
2025-12-04T11:38:02.929785,01:43,0,empty,IN,999,moving_in_room
2025-12-04T11:38:03.430114,01:44,0,empty,IN,999,moving_in_room
2025-12-04T11:38:03.930320,01:46,0,empty,IN,999,moving_in_room
2025-12-04T11:38:04.430526,01:47,0,empty,IN,999,moving_in_room
2025-12-04T11:38:04.930721,01:48,0,empty,IN,999,moving_in_room
2025-12-04T11:38:05.430928,01:49,0,empty,IN,999,moving_in_room
2025-12-04T11:38:05.931147,01:50,0,empty,IN,999,moving_in_room
2025-12-04T11:38:06.431464,01:52,0,empty,IN,999,moving_in_room
2025-12-04T11:38:06.931685,01:53,0,empty,IN,999,moving_in_room
2025-12-04T11:38:07.431903,01:54,0,empty,IN,999,moving_in_room
2025-12-04T11:38:07.932098,01:55,0,empty,IN,999,moving_in_room
2025-12-04T11:38:08.432294,01:56,0,empty,IN,999,moving_in_room
2025-12-04T11:38:08.932499,01:58,0,empty,IN,999,moving_in_room
2025-12-04T11:38:09.432813,01:59,0,empty,IN,999,moving_in_room
2025-12-04T11:38:09.933038,02:00,0,empty,IN,999,moving_in_room
2025-12-04T11:38:10.433253,02:01,0,empty,IN,999,moving_in_room
2025-12-04T11:38:10.933464,02:02,0,empty,IN,999,moving_in_room
2025-12-04T11:38:11.433674,02:04,0,empty,IN,999,moving_in_room
2025-12-04T11:38:11.933880,02:05,0,empty,IN,999,moving_in_room
2025-12-04T11:38:12.434191,02:06,0,empty,IN,999,moving_in_room
2025-12-04T11:38:12.934407,02:07,0,empty,IN,999,moving_in_room
2025-12-04T11:38:13.434608,02:08,0,empty,IN,999,moving_in_room
2025-12-04T11:38:13.934802,02:10,0,empty,IN,999,moving_in_room
2025-12-04T11:38:14.435024,02:11,0,empty,IN,999,moving_in_room
2025-12-04T11:38:14.935229,02:12,0,empty,IN,999,moving_in_room
2025-12-04T11:38:15.435546,02:13,0,empty,OUT,999,room_empty
2025-12-04T11:38:15.935770,02:14,0,empty,OUT,999,room_empty
2025-12-04T11:38:16.436008,02:16,0,empty,OUT,999,room_empty
2025-12-04T11:38:16.936231,02:17,0,empty,OUT,999,room_empty
2025-12-04T11:38:17.436465,02:18,0,empty,OUT,999,room_empty
2025-12-04T11:38:17.936664,02:19,0,empty,OUT,999,room_empty
2025-12-04T11:38:18.436999,02:20,0,empty,OUT,999,room_empty
2025-12-04T11:38:18.937211,02:22,0,empty,OUT,999,room_empty
2025-12-04T11:38:19.437420,02:23,0,empty,OUT,999,room_empty
2025-12-04T11:38:19.937614,02:24,0,empty,OUT,999,room_empty
2025-12-04T11:38:20.437841,02:25,0,empty,OUT,999,room_empty
2025-12-04T11:38:20.938054,02:26,0,empty,OUT,999,room_empty
2025-12-04T11:38:21.438407,02:28,0,empty,OUT,999,room_empty
2025-12-04T11:38:21.938624,02:29,0,empty,OUT,999,room_empty
2025-12-04T11:38:22.438838,02:30,0,empty,OUT,999,room_empty
2025-12-04T11:38:22.939039,02:31,0,empty,OUT,999,room_empty
2025-12-04T11:38:23.439236,02:32,0,empty,OUT,999,room_empty
2025-12-04T11:38:23.939442,02:34,0,empty,OUT,999,room_empty
2025-12-04T11:38:24.439778,02:35,0,empty,OUT,999,room_empty
2025-12-04T11:38:24.940000,02:36,0,empty,OUT,999,room_empty
2025-12-04T11:38:25.440215,02:37,0,empty,OUT,999,room_empty
2025-12-04T11:38:25.940428,02:38,0,empty,OUT,999,room_empty
2025-12-04T11:38:26.440645,02:40,0,empty,OUT,999,room_empty
2025-12-04T11:38:26.940855,02:41,0,empty,OUT,999,room_empty
2025-12-04T11:38:27.441279,02:42,0,empty,OUT,999,room_empty
2025-12-04T11:38:27.941500,02:43,0,empty,OUT,999,room_empty
2025-12-04T11:38:28.441715,02:44,0,empty,OUT,999,room_empty
2025-12-04T11:38:28.941916,02:46,0,empty,OUT,999,room_empty
2025-12-04T11:38:29.442112,02:47,0,empty,OUT,999,room_empty
2025-12-04T11:38:29.942325,02:48,0,empty,OUT,999,room_empty
2025-12-04T11:38:30.442651,02:49,0,empty,OUT,999,room_empty
2025-12-04T11:38:30.942868,02:50,0,empty,OUT,999,room_empty
2025-12-04T11:38:31.443072,02:52,0,empty,OUT,999,room_empty
2025-12-04T11:38:31.943282,02:53,0,empty,OUT,999,room_empty
2025-12-04T11:38:32.443468,02:54,0,empty,OUT,999,room_empty
2025-12-04T11:38:32.943662,02:55,0,empty,OUT,999,room_empty
2025-12-04T11:38:33.443947,02:56,0,empty,OUT,999,room_empty
2025-12-04T11:38:33.944118,02:58,0,empty,IN,999,moving_in_room
2025-12-04T11:38:34.444280,02:59,0,empty,IN,999,moving_in_room
2025-12-04T11:38:34.944422,03:00,0,empty,IN,999,moving_in_room
2025-12-04T11:38:35.444578,03:01,0,empty,IN,999,moving_in_room
2025-12-04T11:38:35.944754,03:02,0,empty,IN,999,moving_in_room
2025-12-04T11:38:36.445018,03:04,0,empty,IN,999,moving_in_room
2025-12-04T11:38:36.945197,03:05,0,empty,IN,999,moving_in_room
2025-12-04T11:38:37.445370,03:06,0,empty,IN,999,moving_in_room
2025-12-04T11:38:37.945533,03:07,0,empty,IN,999,moving_in_room
2025-12-04T11:38:38.445725,03:08,0,empty,IN,999,moving_in_room
2025-12-04T11:38:38.945922,03:10,0,empty,IN,999,moving_in_room
2025-12-04T11:38:39.446229,03:11,0,empty,IN,999,moving_in_room
2025-12-04T11:38:39.946437,03:12,0,empty,IN,999,moving_in_room
2025-12-04T11:38:40.446646,03:13,0,empty,OUT,999,room_empty
2025-12-04T11:38:40.946858,03:14,0,empty,OUT,999,room_empty
2025-12-04T11:38:41.447059,03:16,0,empty,OUT,999,room_empty
2025-12-04T11:38:41.947269,03:17,0,empty,OUT,999,room_empty
2025-12-04T11:38:42.447583,03:18,0,empty,OUT,999,room_empty
2025-12-04T11:38:42.947791,03:19,0,empty,OUT,999,room_empty
2025-12-04T11:38:43.447993,03:20,0,empty,OUT,999,room_empty
2025-12-04T11:38:43.948187,03:22,0,empty,OUT,999,room_empty
2025-12-04T11:38:44.448375,03:23,0,empty,OUT,999,room_empty
2025-12-04T11:38:44.948581,03:24,0,empty,OUT,999,room_empty
